"game_id","season","week","away_team","home_team","spread_line","total_line"
"2026_1_NE_SEA","2026","1","NE","SEA","3","44.5"
"2026_1_SF_LA","2026","1","SF","LA","3.5","48.5"
"2026_1_ATL_PIT","2026","1","ATL","PIT","6","41.5"
"2026_1_BAL_IND","2026","1","BAL","IND","-3.5","47.5"
"2026_1_BUF_HOU","2026","1","BUF","HOU","-1.5","44.5"
"2026_1_CHI_CAR","2026","1","CHI","CAR","-3","47.5"
"2026_1_CLE_JAX","2026","1","CLE","JAX","8.5","39.5"
"2026_1_NO_DET","2026","1","NO","DET","7","49.5"
"2026_1_NYJ_TEN","2026","1","NYJ","TEN","1.5","38.5"
"2026_1_TB_CIN","2026","1","TB","CIN","3.5","50.5"
"2026_1_ARI_LAC","2026","1","ARI","LAC","9.5","47.5"
"2026_1_GB_MIN","2026","1","GB","MIN","1.5","46.5"
"2026_1_MIA_LV","2026","1","MIA","LV","3","40.5"
"2026_1_WAS_PHI","2026","1","WAS","PHI","6","44.5"
"2026_1_DAL_NYG","2026","1","DAL","NYG","-3","48.5"
"2026_1_DEN_KC","2026","1","DEN","KC","2.5","43.5"
"2026_2_DET_BUF","2026","2","DET","BUF","3","52.5"
"2026_2_CAR_ATL","2026","2","CAR","ATL","1.5","44.5"
"2026_2_CIN_HOU","2026","2","CIN","HOU","2.5","46.5"
"2026_2_CLE_TB","2026","2","CLE","TB","6.5","42.5"
"2026_2_GB_NYJ","2026","2","GB","NYJ","-5.5","42.5"
"2026_2_MIN_CHI","2026","2","MIN","CHI","3.5","45.5"
"2026_2_NO_BAL","2026","2","NO","BAL","7.5","46.5"
"2026_2_PHI_TEN","2026","2","PHI","TEN","-4.5","42.5"
"2026_2_PIT_NE","2026","2","PIT","NE","4.5","43.5"
"2026_2_JAX_DEN","2026","2","JAX","DEN","3","43.5"
"2026_2_LV_LAC","2026","2","LV","LAC","8.5","42.5"
"2026_2_MIA_SF","2026","2","MIA","SF","10.5","46.5"
"2026_2_SEA_ARI","2026","2","SEA","ARI","-10","44.5"
"2026_2_WAS_DAL","2026","2","WAS","DAL","4.5","51.5"
"2026_2_IND_KC","2026","2","IND","KC","6.5","47.5"
"2026_2_NYG_LA","2026","2","NYG","LA","8.5","48.5"
"2026_3_ATL_GB","2026","3","ATL","GB","7.5","46.5"
"2026_3_CAR_CLE","2026","3","CAR","CLE","-1.5","39.5"
"2026_3_CIN_PIT","2026","3","CIN","PIT","-1.5","46.5"
"2026_3_HOU_IND","2026","3","HOU","IND","-1.5","45.5"
"2026_3_KC_MIA","2026","3","KC","MIA","-7.5","44.5"
"2026_3_LAC_BUF","2026","3","LAC","BUF","3","48.5"
"2026_3_NE_JAX","2026","3","NE","JAX","1.5","45.5"
"2026_3_NYJ_DET","2026","3","NYJ","DET","9.5","45.5"
"2026_3_SEA_WAS","2026","3","SEA","WAS","-3.5","46.5"
"2026_3_TEN_NYG","2026","3","TEN","NYG","3","44.5"
"2026_3_ARI_SF","2026","3","ARI","SF","11.5","46.5"
"2026_3_MIN_TB","2026","3","MIN","TB","1.5","44.5"
"2026_3_BAL_DAL","2026","3","BAL","DAL","-2.5","51.5"
"2026_3_LV_NO","2026","3","LV","NO","3.5","42.5"
"2026_3_LA_DEN","2026","3","LA","DEN","-3","45.5"
"2026_3_PHI_CHI","2026","3","PHI","CHI","1.5","46.5"
"2026_4_PIT_CLE","2026","4","PIT","CLE","-2.5","40.5"
"2026_4_IND_WAS","2026","4","IND","WAS","1.5","50.5"
"2026_4_ARI_NYG","2026","4","ARI","NYG","7","45.5"
"2026_4_DAL_HOU","2026","4","DAL","HOU","2.5","47.5"
"2026_4_GB_TB","2026","4","GB","TB","-1.5","47.5"
"2026_4_JAX_CIN","2026","4","JAX","CIN","2.5","51.5"
"2026_4_LA_PHI","2026","4","LA","PHI","-1.5","47.5"
"2026_4_NE_BUF","2026","4","NE","BUF","3","49.5"
"2026_4_NYJ_CHI","2026","4","NYJ","CHI","8.5","45.5"
"2026_4_TEN_BAL","2026","4","TEN","BAL","8.5","47.5"
"2026_4_MIA_MIN","2026","4","MIA","MIN","7.5","43.5"
"2026_4_DEN_SF","2026","4","DEN","SF","2.5","46.5"
"2026_4_KC_LV","2026","4","KC","LV","-5.5","43.5"
"2026_4_LAC_SEA","2026","4","LAC","SEA","3","45.5"
"2026_4_DET_CAR","2026","4","DET","CAR","-3","47.5"
"2026_4_ATL_NO","2026","4","ATL","NO","2.5","45.5"
"2026_5_TB_DAL","2026","5","TB","DAL","3.5","52.5"
"2026_5_PHI_JAX","2026","5","PHI","JAX","-1.5","45.5"
"2026_5_CIN_MIA","2026","5","CIN","MIA","-6","49.5"
"2026_5_CLE_NYJ","2026","5","CLE","NYJ","1.5","39.5"
"2026_5_HOU_TEN","2026","5","HOU","TEN","-3.5","43.5"
"2026_5_IND_PIT","2026","5","IND","PIT","2.5","47.5"
"2026_5_LV_NE","2026","5","LV","NE","8.5","44.5"
"2026_5_MIN_NO","2026","5","MIN","NO","-1.5","44.5"
"2026_5_NYG_WAS","2026","5","NYG","WAS","1.5","48.5"
"2026_5_DEN_LAC","2026","5","DEN","LAC","2.5","44.5"
"2026_5_CHI_GB","2026","5","CHI","GB","3","49.5"
"2026_5_DET_ARI","2026","5","DET","ARI","-8.5","48.5"
"2026_5_SF_SEA","2026","5","SF","SEA","3.5","48.5"
"2026_5_BAL_ATL","2026","5","BAL","ATL","-4.5","48.5"
"2026_5_BUF_LA","2026","5","BUF","LA","3","53.5"
"2026_6_SEA_DEN","2026","6","SEA","DEN","-1.5","43.5"
"2026_6_HOU_JAX","2026","6","HOU","JAX","1.5","42.5"
"2026_6_BAL_CLE","2026","6","BAL","CLE","-6.5","44.5"
"2026_6_CAR_PHI","2026","6","CAR","PHI","6.5","43.5"
"2026_6_CHI_ATL","2026","6","CHI","ATL","-3","47.5"
"2026_6_NO_NYG","2026","6","NO","NYG","2.5","44.5"
"2026_6_NYJ_NE","2026","6","NYJ","NE","9.5","42.5"
"2026_6_PIT_TB","2026","6","PIT","TB","1.5","45.5"
"2026_6_TEN_IND","2026","6","TEN","IND","3.5","47.5"
"2026_6_ARI_LA","2026","6","ARI","LA","13.5","47.5"
"2026_6_BUF_LV","2026","6","BUF","LV","-6.5","47.5"
"2026_6_LAC_KC","2026","6","LAC","KC","2.5","46.5"
"2026_6_DAL_GB","2026","6","DAL","GB","3","51.5"
"2026_6_WAS_SF","2026","6","WAS","SF","5.5","50.5"
"2026_7_NE_CHI","2026","7","NE","CHI","1.5","47.5"
"2026_7_PIT_NO","2026","7","PIT","NO","-2.5","42.5"
"2026_7_CIN_BAL","2026","7","CIN","BAL","3.5","51.5"
"2026_7_CLE_TEN","2026","7","CLE","TEN","2.5","40.5"
"2026_7_IND_MIN","2026","7","IND","MIN","2.5","46.5"
"2026_7_MIA_NYJ","2026","7","MIA","NYJ","2.5","41.5"
"2026_7_NYG_HOU","2026","7","NYG","HOU","5.5","43.5"
"2026_7_SF_ATL","2026","7","SF","ATL","-4.5","47.5"
"2026_7_TB_CAR","2026","7","TB","CAR","-1.5","45.5"
"2026_7_DEN_ARI","2026","7","DEN","ARI","-7.5","43.5"
"2026_7_GB_DET","2026","7","GB","DET","2.5","50.5"
"2026_7_LA_LV","2026","7","LA","LV","-7.5","46.5"
"2026_7_KC_SEA","2026","7","KC","SEA","3","45.5"
"2026_7_DAL_PHI","2026","7","DAL","PHI","3","48.5"
"2026_8_CAR_GB","2026","8","CAR","GB","7","45.5"
"2026_8_ARI_DAL","2026","8","ARI","DAL","10.5","47.5"
"2026_8_ATL_TB","2026","8","ATL","TB","4.5","46.5"
"2026_8_BAL_BUF","2026","8","BAL","BUF","2.5","51.5"
"2026_8_CLE_PIT","2026","8","CLE","PIT","6","39.5"
"2026_8_IND_JAX","2026","8","IND","JAX","4.5","49.5"
"2026_8_LV_NYJ","2026","8","LV","NYJ","1.5","40.5"
"2026_8_MIN_DET","2026","8","MIN","DET","4.5","47.5"
"2026_8_TEN_CIN","2026","8","TEN","CIN","6.5","49.5"
"2026_8_LAC_LA","2026","8","LAC","LA","4.5","48.5"
"2026_8_KC_DEN","2026","8","KC","DEN","1.5","43.5"
"2026_8_NE_MIA","2026","8","NE","MIA","-7","45.5"
"2026_8_PHI_WAS","2026","8","PHI","WAS","-1.5","46.5"
"2026_8_CHI_SEA","2026","8","CHI","SEA","4.5","47.5"
"2026_9_JAX_BAL","2026","9","JAX","BAL","4.5","49.5"
"2026_9_CIN_ATL","2026","9","CIN","ATL","-5.5","49.5"
"2026_9_CLE_NO","2026","9","CLE","NO","3.5","41.5"
"2026_9_DAL_IND","2026","9","DAL","IND","-1.5","52.5"
"2026_9_DEN_CAR","2026","9","DEN","CAR","-3","42.5"
"2026_9_DET_MIA","2026","9","DET","MIA","-6.5","47.5"
"2026_9_LA_WAS","2026","9","LA","WAS","-4.5","50.5"
"2026_9_NYG_PHI","2026","9","NYG","PHI","5.5","44.5"
"2026_9_NYJ_KC","2026","9","NYJ","KC","9.5","41.5"
"2026_9_HOU_LAC","2026","9","HOU","LAC","2.5","43.5"
"2026_9_LV_SF","2026","9","LV","SF","8.5","46.5"
"2026_9_ARI_SEA","2026","9","ARI","SEA","13.5","45.5"
"2026_9_GB_NE","2026","9","GB","NE","1.5","46.5"
"2026_9_TB_CHI","2026","9","TB","CHI","3.5","48.5"
"2026_9_BUF_MIN","2026","9","BUF","MIN","-3","48.5"
"2026_10_WAS_NYG","2026","10","WAS","NYG","1.5","47.5"
"2026_10_NE_DET","2026","10","NE","DET","1.5","48.5"
"2026_10_BUF_NYJ","2026","10","BUF","NYJ","-7","46.5"
"2026_10_CAR_NO","2026","10","CAR","NO","1.5","43.5"
"2026_10_HOU_CLE","2026","10","HOU","CLE","-4.5","38.5"
"2026_10_JAX_TEN","2026","10","JAX","TEN","-2.5","45.5"
"2026_10_KC_ATL","2026","10","KC","ATL","-4.5","45.5"
"2026_10_MIA_IND","2026","10","MIA","IND","6.5","47.5"
"2026_10_MIN_GB","2026","10","MIN","GB","4.5","45.5"
"2026_10_LA_ARI","2026","10","LA","ARI","-10.5","47.5"
"2026_10_SEA_LV","2026","10","SEA","LV","-7","43.5"
"2026_10_SF_DAL","2026","10","SF","DAL","1.5","52.5"
"2026_10_PIT_CIN","2026","10","PIT","CIN","3.5","47.5"
"2026_10_LAC_BAL","2026","10","LAC","BAL","3.5","47.5"
"2026_11_IND_HOU","2026","11","IND","HOU","5.5","45.5"
"2026_11_ARI_KC","2026","11","ARI","KC","11.5","44.5"
"2026_11_BAL_CAR","2026","11","BAL","CAR","-4.5","46.5"
"2026_11_JAX_NYG","2026","11","JAX","NYG","-1.5","46.5"
"2026_11_MIA_BUF","2026","11","MIA","BUF","11.5","47.5"
"2026_11_NO_CHI","2026","11","NO","CHI","6.5","46.5"
"2026_11_TB_DET","2026","11","TB","DET","4.5","49.5"
"2026_11_TEN_DAL","2026","11","TEN","DAL","6.5","48.5"
"2026_11_NYJ_LAC","2026","11","NYJ","LAC","9.5","41.5"
"2026_11_LV_DEN","2026","11","LV","DEN","7.5","41.5"
"2026_11_PIT_PHI","2026","11","PIT","PHI","5.5","42.5"
"2026_11_MIN_SF","2026","11","MIN","SF","3.5","46.5"
"2026_11_CIN_WAS","2026","11","CIN","WAS","-1.5","52.5"
"2026_12_GB_LA","2026","12","GB","LA","4.5","48.5"
"2026_12_CHI_DET","2026","12","CHI","DET","2.5","52.5"
"2026_12_PHI_DAL","2026","12","PHI","DAL","1.5","49.5"
"2026_12_KC_BUF","2026","12","KC","BUF","2.5","50.5"
"2026_12_DEN_PIT","2026","12","DEN","PIT","-1.5","39.5"
"2026_12_ATL_MIN","2026","12","ATL","MIN","4.5","43.5"
"2026_12_BAL_HOU","2026","12","BAL","HOU","1.5","45.5"
"2026_12_LV_CLE","2026","12","LV","CLE","1.5","39.5"
"2026_12_NO_CIN","2026","12","NO","CIN","6.5","48.5"
"2026_12_NYG_IND","2026","12","NYG","IND","2.5","47.5"
"2026_12_NYJ_MIA","2026","12","NYJ","MIA","1.5","40.5"
"2026_12_TEN_JAX","2026","12","TEN","JAX","5.5","45.5"
"2026_12_SEA_SF","2026","12","SEA","SF","1.5","46.5"
"2026_12_WAS_ARI","2026","12","WAS","ARI","-4.5","47.5"
"2026_12_NE_LAC","2026","12","NE","LAC","1.5","45.5"
"2026_12_CAR_TB","2026","12","CAR","TB","3.5","44.5"
"2026_13_KC_LA","2026","13","KC","LA","3.5","47.5"
"2026_13_CIN_CLE","2026","13","CIN","CLE","-4.5","45.5"
"2026_13_DET_ATL","2026","13","DET","ATL","-3.5","48.5"
"2026_13_GB_NO","2026","13","GB","NO","-4.5","45.5"
"2026_13_JAX_CHI","2026","13","JAX","CHI","3","47.5"
"2026_13_LAC_TB","2026","13","LAC","TB","-2.5","46.5"
"2026_13_MIA_DEN","2026","13","MIA","DEN","9.5","42.5"
"2026_13_SF_NYG","2026","13","SF","NYG","-3","47.5"
"2026_13_WAS_TEN","2026","13","WAS","TEN","-1.5","46.5"
"2026_13_PHI_ARI","2026","13","PHI","ARI","-8.5","43.5"
"2026_13_BUF_NE","2026","13","BUF","NE","1.5","48.5"
"2026_13_CAR_MIN","2026","13","CAR","MIN","3.5","42.5"
"2026_13_HOU_PIT","2026","13","HOU","PIT","-1.5","41.5"
"2026_13_DAL_SEA","2026","13","DAL","SEA","4.5","48.5"
"2026_14_MIN_NE","2026","14","MIN","NE","4.5","43.5"
"2026_14_ATL_CLE","2026","14","ATL","CLE","1.5","40.5"
"2026_14_CHI_MIA","2026","14","CHI","MIA","-5.5","46.5"
"2026_14_DEN_NYJ","2026","14","DEN","NYJ","-5.5","39.5"
"2026_14_HOU_WAS","2026","14","HOU","WAS","-1.5","44.5"
"2026_14_IND_PHI","2026","14","IND","PHI","5.5","46.5"
"2026_14_NO_CAR","2026","14","NO","CAR","2.5","43.5"
"2026_14_TB_BAL","2026","14","TB","BAL","6","48.5"
"2026_14_TEN_DET","2026","14","TEN","DET","7.5","47.5"
"2026_14_LAC_LV","2026","14","LAC","LV","-5.5","43.5"
"2026_14_KC_CIN","2026","14","KC","CIN","1.5","48.5"
"2026_14_LA_SF","2026","14","LA","SF","-2.5","49.5"
"2026_14_NYG_SEA","2026","14","NYG","SEA","7.5","45.5"
"2026_14_BUF_GB","2026","14","BUF","GB","1.5","49.5"
"2026_14_PIT_JAX","2026","14","PIT","JAX","3","44.5"
"2026_15_SF_LAC","2026","15","SF","LAC","2.5","47.5"
"2026_15_SEA_PHI","2026","15","SEA","PHI","1.5","43.5"
"2026_15_CHI_BUF","2026","15","CHI","BUF","3.5","51.5"
"2026_15_ATL_WAS","2026","15","ATL","WAS","3.5","46.5"
"2026_15_BAL_PIT","2026","15","BAL","PIT","-2.5","46.5"
"2026_15_CIN_CAR","2026","15","CIN","CAR","-2.5","47.5"
"2026_15_CLE_NYG","2026","15","CLE","NYG","4.5","40.5"
"2026_15_IND_TEN","2026","15","IND","TEN","-1.5","47.5"
"2026_15_JAX_HOU","2026","15","JAX","HOU","3","43.5"
"2026_15_MIA_GB","2026","15","MIA","GB","10.5","45.5"
"2026_15_NO_TB","2026","15","NO","TB","3.5","45.5"
"2026_15_NYJ_ARI","2026","15","NYJ","ARI","-1.5","41.5"
"2026_15_DAL_LA","2026","15","DAL","LA","6","52.5"
"2026_15_DEN_LV","2026","15","DEN","LV","-4.5","41.5"
"2026_15_DET_MIN","2026","15","DET","MIN","-1.5","46.5"
"2026_15_NE_KC","2026","15","NE","KC","2.5","45.5"
"2026_16_HOU_PHI","2026","16","HOU","PHI","2.5","37.5"
"2026_16_GB_CHI","2026","16","GB","CHI","1.5","47.5"
"2026_16_BUF_DEN","2026","16","BUF","DEN","-1.5","46.5"
"2026_16_LA_SEA","2026","16","LA","SEA","1.5","47.5"
"2026_16_ARI_NO","2026","16","ARI","NO","5.5","44.5"
"2026_16_CAR_PIT","2026","16","CAR","PIT","3.5","41.5"
"2026_16_CIN_IND","2026","16","CIN","IND","-1.5","52.5"
"2026_16_CLE_BAL","2026","16","CLE","BAL","10","43.5"
"2026_16_LAC_MIA","2026","16","LAC","MIA","-7","45.5"
"2026_16_NE_NYJ","2026","16","NE","NYJ","-6.5","40.5"
"2026_16_TB_ATL","2026","16","TB","ATL","-1.5","45.5"
"2026_16_TEN_LV","2026","16","TEN","LV","1.5","42.5"
"2026_16_WAS_MIN","2026","16","WAS","MIN","2.5","46.5"
"2026_16_SF_KC","2026","16","SF","KC","3","46.5"
"2026_16_JAX_DAL","2026","16","JAX","DAL","3","51.5"
"2026_16_NYG_DET","2026","16","NYG","DET","4.5","49.5"
"2026_17_BAL_CIN","2026","17","BAL","CIN","2.5","51.5"
"2026_17_BUF_MIA","2026","17","BUF","MIA","-7.5","47.5"
"2026_17_DEN_NE","2026","17","DEN","NE","2.5","42.5"
"2026_17_IND_CLE","2026","17","IND","CLE","-2.5","43.5"
"2026_17_LA_TB","2026","17","LA","TB","-4.5","48.5"
"2026_17_MIN_NYJ","2026","17","MIN","NYJ","-3.5","39.5"
"2026_17_NO_ATL","2026","17","NO","ATL","1.5","44.5"
"2026_17_NYG_DAL","2026","17","NYG","DAL","4.5","49.5"
"2026_17_PIT_TEN","2026","17","PIT","TEN","-1.5","42.5"
"2026_17_SEA_CAR","2026","17","SEA","CAR","-5.5","42.5"
"2026_17_WAS_JAX","2026","17","WAS","JAX","3.5","48.5"
"2026_17_LV_ARI","2026","17","LV","ARI","-1.5","42.5"
"2026_17_DET_CHI","2026","17","DET","CHI","1.5","49.5"
"2026_17_KC_LAC","2026","17","KC","LAC","1.5","45.5"
"2026_17_PHI_SF","2026","17","PHI","SF","1.5","45.5"
"2026_17_HOU_GB","2026","17","HOU","GB","2.5","42.5"
"2026_18_ATL_CAR","2026","18","ATL","CAR","2.5","41.5"
"2026_18_CHI_MIN","2026","18","CHI","MIN","1.5","43.5"
"2026_18_CLE_CIN","2026","18","CLE","CIN","7.5","43.5"
"2026_18_DAL_WAS","2026","18","DAL","WAS","-1.5","49.5"
"2026_18_DET_GB","2026","18","DET","GB","2.5","47.5"
"2026_18_JAX_IND","2026","18","JAX","IND","1.5","46.5"
"2026_18_LAC_DEN","2026","18","LAC","DEN","1.5","41.5"
"2026_18_LV_KC","2026","18","LV","KC","8.5","40.5"
"2026_18_MIA_NE","2026","18","MIA","NE","10.5","42.5"
"2026_18_NYJ_BUF","2026","18","NYJ","BUF","10","43.5"
"2026_18_PHI_NYG","2026","18","PHI","NYG","-3","41.5"
"2026_18_PIT_BAL","2026","18","PIT","BAL","5.5","43.5"
"2026_18_TB_NO","2026","18","TB","NO","-1.5","43.5"
"2026_18_TEN_HOU","2026","18","TEN","HOU","7","39.5"
"2026_18_SEA_LA","2026","18","SEA","LA","3","44.5"
"2026_18_SF_ARI","2026","18","SF","ARI","-8.5","44.5"
