File,Season,Family,Split,PredictionColumn,ColumnPosition,NonMissingRows,MissingRows,AllMissing
2024_Billy_away.csv,2024,Billy,away,ScoreTotal_stepwise,978,275,0,FALSE
2024_Billy_away.csv,2024,Billy,away,ScoreTotal2_stepwise,979,275,0,FALSE
2024_Billy_away.csv,2024,Billy,away,ScoreTotal_forward,980,275,0,FALSE
2024_Billy_away.csv,2024,Billy,away,ScoreTotal2_forward,981,275,0,FALSE
2024_Billy_away.csv,2024,Billy,away,Score_forward,982,275,0,FALSE
2024_Billy_away.csv,2024,Billy,away,Score_stepwise,983,275,0,FALSE
2024_Billy_away.csv,2024,Billy,away,OppScore_forward,984,275,0,FALSE
2024_Billy_away.csv,2024,Billy,away,OppScore_stepwise,985,275,0,FALSE
2024_Billy_away.csv,2024,Billy,away,ScoreDiff_forward,986,275,0,FALSE
2024_Billy_away.csv,2024,Billy,away,ScoreDiff_stepwise,987,275,0,FALSE
2024_Billy_away.csv,2024,Billy,away,ImpliedScoreDiff_forward,988,275,0,FALSE
2024_Billy_away.csv,2024,Billy,away,ImpliedScoreDiff_stepwise,989,275,0,FALSE
2024_Billy_away.csv,2024,Billy,away,ImpliedTotal_forward,990,275,0,FALSE
2024_Billy_away.csv,2024,Billy,away,ImpliedTotal_stepwise,991,275,0,FALSE
2024_Billy_away.csv,2024,Billy,away,ImpliedTeamScored_forward,992,275,0,FALSE
2024_Billy_away.csv,2024,Billy,away,ImpliedOppScored_forward,993,275,0,FALSE
2024_Billy_away.csv,2024,Billy,away,ImpliedTeamScored_stepwise,994,275,0,FALSE
2024_Billy_away.csv,2024,Billy,away,ImpliedOppScored_stepwise,995,275,0,FALSE
2024_Billy_away.csv,2024,Billy,away,Score_avg,996,275,0,FALSE
2024_Billy_away.csv,2024,Billy,away,OppScore_avg,997,275,0,FALSE
2024_Billy_away.csv,2024,Billy,away,ScoreTotal_avg,998,275,0,FALSE
2024_Billy_away.csv,2024,Billy,away,ScoreDiff_avg,999,275,0,FALSE
2024_Billy_away.csv,2024,Billy,away,ScoreDiff_final,1118,275,0,FALSE
2024_Billy_away.csv,2024,Billy,away,Billy,1119,275,0,FALSE
2024_Billy_away_score.csv,2024,Billy,away_score,ScoreTotal_stepwise,978,275,0,FALSE
2024_Billy_away_score.csv,2024,Billy,away_score,ScoreTotal2_stepwise,979,275,0,FALSE
2024_Billy_away_score.csv,2024,Billy,away_score,ScoreTotal_forward,980,275,0,FALSE
2024_Billy_away_score.csv,2024,Billy,away_score,ScoreTotal2_forward,981,275,0,FALSE
2024_Billy_away_score.csv,2024,Billy,away_score,Score_forward,982,275,0,FALSE
2024_Billy_away_score.csv,2024,Billy,away_score,Score_stepwise,983,275,0,FALSE
2024_Billy_away_score.csv,2024,Billy,away_score,OppScore_forward,984,275,0,FALSE
2024_Billy_away_score.csv,2024,Billy,away_score,OppScore_stepwise,985,275,0,FALSE
2024_Billy_away_score.csv,2024,Billy,away_score,ScoreDiff_forward,986,275,0,FALSE
2024_Billy_away_score.csv,2024,Billy,away_score,ScoreDiff_stepwise,987,275,0,FALSE
2024_Billy_away_score.csv,2024,Billy,away_score,ImpliedScoreDiff_forward,988,275,0,FALSE
2024_Billy_away_score.csv,2024,Billy,away_score,ImpliedScoreDiff_stepwise,989,275,0,FALSE
2024_Billy_away_score.csv,2024,Billy,away_score,ImpliedTotal_forward,990,275,0,FALSE
2024_Billy_away_score.csv,2024,Billy,away_score,ImpliedTotal_stepwise,991,275,0,FALSE
2024_Billy_away_score.csv,2024,Billy,away_score,ImpliedTeamScored_forward,992,275,0,FALSE
2024_Billy_away_score.csv,2024,Billy,away_score,ImpliedOppScored_forward,993,275,0,FALSE
2024_Billy_away_score.csv,2024,Billy,away_score,ImpliedTeamScored_stepwise,994,275,0,FALSE
2024_Billy_away_score.csv,2024,Billy,away_score,ImpliedOppScored_stepwise,995,275,0,FALSE
2024_Billy_away_score.csv,2024,Billy,away_score,Score_avg,996,275,0,FALSE
2024_Billy_away_score.csv,2024,Billy,away_score,OppScore_avg,997,275,0,FALSE
2024_Billy_away_score.csv,2024,Billy,away_score,ScoreTotal_avg,998,275,0,FALSE
2024_Billy_away_score.csv,2024,Billy,away_score,ScoreDiff_avg,999,275,0,FALSE
2024_Billy_away_score.csv,2024,Billy,away_score,Score_final,1118,275,0,FALSE
2024_Billy_away_score.csv,2024,Billy,away_score,Billy,1119,275,0,FALSE
2024_Billy_home.csv,2024,Billy,home,ScoreTotal_stepwise,978,275,0,FALSE
2024_Billy_home.csv,2024,Billy,home,ScoreTotal2_stepwise,979,275,0,FALSE
2024_Billy_home.csv,2024,Billy,home,ScoreTotal_forward,980,275,0,FALSE
2024_Billy_home.csv,2024,Billy,home,ScoreTotal2_forward,981,275,0,FALSE
2024_Billy_home.csv,2024,Billy,home,Score_forward,982,275,0,FALSE
2024_Billy_home.csv,2024,Billy,home,Score_stepwise,983,275,0,FALSE
2024_Billy_home.csv,2024,Billy,home,OppScore_forward,984,275,0,FALSE
2024_Billy_home.csv,2024,Billy,home,OppScore_stepwise,985,275,0,FALSE
2024_Billy_home.csv,2024,Billy,home,ScoreDiff_forward,986,275,0,FALSE
2024_Billy_home.csv,2024,Billy,home,ScoreDiff_stepwise,987,275,0,FALSE
2024_Billy_home.csv,2024,Billy,home,ImpliedScoreDiff_forward,988,275,0,FALSE
2024_Billy_home.csv,2024,Billy,home,ImpliedScoreDiff_stepwise,989,275,0,FALSE
2024_Billy_home.csv,2024,Billy,home,ImpliedTotal_forward,990,275,0,FALSE
2024_Billy_home.csv,2024,Billy,home,ImpliedTotal_stepwise,991,275,0,FALSE
2024_Billy_home.csv,2024,Billy,home,ImpliedTeamScored_forward,992,275,0,FALSE
2024_Billy_home.csv,2024,Billy,home,ImpliedOppScored_forward,993,275,0,FALSE
2024_Billy_home.csv,2024,Billy,home,ImpliedTeamScored_stepwise,994,275,0,FALSE
2024_Billy_home.csv,2024,Billy,home,ImpliedOppScored_stepwise,995,275,0,FALSE
2024_Billy_home.csv,2024,Billy,home,Score_avg,996,275,0,FALSE
2024_Billy_home.csv,2024,Billy,home,OppScore_avg,997,275,0,FALSE
2024_Billy_home.csv,2024,Billy,home,ScoreTotal_avg,998,275,0,FALSE
2024_Billy_home.csv,2024,Billy,home,ScoreDiff_avg,999,275,0,FALSE
2024_Billy_home.csv,2024,Billy,home,ScoreDiff_final,1118,275,0,FALSE
2024_Billy_home.csv,2024,Billy,home,Billy,1119,275,0,FALSE
2024_Billy_home_score.csv,2024,Billy,home_score,ScoreTotal_stepwise,978,275,0,FALSE
2024_Billy_home_score.csv,2024,Billy,home_score,ScoreTotal2_stepwise,979,275,0,FALSE
2024_Billy_home_score.csv,2024,Billy,home_score,ScoreTotal_forward,980,275,0,FALSE
2024_Billy_home_score.csv,2024,Billy,home_score,ScoreTotal2_forward,981,275,0,FALSE
2024_Billy_home_score.csv,2024,Billy,home_score,Score_forward,982,275,0,FALSE
2024_Billy_home_score.csv,2024,Billy,home_score,Score_stepwise,983,275,0,FALSE
2024_Billy_home_score.csv,2024,Billy,home_score,OppScore_forward,984,275,0,FALSE
2024_Billy_home_score.csv,2024,Billy,home_score,OppScore_stepwise,985,275,0,FALSE
2024_Billy_home_score.csv,2024,Billy,home_score,ScoreDiff_forward,986,275,0,FALSE
2024_Billy_home_score.csv,2024,Billy,home_score,ScoreDiff_stepwise,987,275,0,FALSE
2024_Billy_home_score.csv,2024,Billy,home_score,ImpliedScoreDiff_forward,988,275,0,FALSE
2024_Billy_home_score.csv,2024,Billy,home_score,ImpliedScoreDiff_stepwise,989,275,0,FALSE
2024_Billy_home_score.csv,2024,Billy,home_score,ImpliedTotal_forward,990,275,0,FALSE
2024_Billy_home_score.csv,2024,Billy,home_score,ImpliedTotal_stepwise,991,275,0,FALSE
2024_Billy_home_score.csv,2024,Billy,home_score,ImpliedTeamScored_forward,992,275,0,FALSE
2024_Billy_home_score.csv,2024,Billy,home_score,ImpliedOppScored_forward,993,275,0,FALSE
2024_Billy_home_score.csv,2024,Billy,home_score,ImpliedTeamScored_stepwise,994,275,0,FALSE
2024_Billy_home_score.csv,2024,Billy,home_score,ImpliedOppScored_stepwise,995,275,0,FALSE
2024_Billy_home_score.csv,2024,Billy,home_score,Score_avg,996,275,0,FALSE
2024_Billy_home_score.csv,2024,Billy,home_score,OppScore_avg,997,275,0,FALSE
2024_Billy_home_score.csv,2024,Billy,home_score,ScoreTotal_avg,998,275,0,FALSE
2024_Billy_home_score.csv,2024,Billy,home_score,ScoreDiff_avg,999,275,0,FALSE
2024_Billy_home_score.csv,2024,Billy,home_score,Score_final,1118,275,0,FALSE
2024_Billy_home_score.csv,2024,Billy,home_score,Billy,1119,275,0,FALSE
2025_Billy_away.csv,2025,Billy,away,ScoreTotal_stepwise,978,269,0,FALSE
2025_Billy_away.csv,2025,Billy,away,ScoreTotal2_stepwise,979,269,0,FALSE
2025_Billy_away.csv,2025,Billy,away,ScoreTotal_forward,980,269,0,FALSE
2025_Billy_away.csv,2025,Billy,away,ScoreTotal2_forward,981,269,0,FALSE
2025_Billy_away.csv,2025,Billy,away,Score_forward,982,269,0,FALSE
2025_Billy_away.csv,2025,Billy,away,Score_stepwise,983,269,0,FALSE
2025_Billy_away.csv,2025,Billy,away,OppScore_forward,984,269,0,FALSE
2025_Billy_away.csv,2025,Billy,away,OppScore_stepwise,985,269,0,FALSE
2025_Billy_away.csv,2025,Billy,away,ScoreDiff_forward,986,269,0,FALSE
2025_Billy_away.csv,2025,Billy,away,ScoreDiff_stepwise,987,269,0,FALSE
2025_Billy_away.csv,2025,Billy,away,ImpliedScoreDiff_forward,988,269,0,FALSE
2025_Billy_away.csv,2025,Billy,away,ImpliedScoreDiff_stepwise,989,269,0,FALSE
2025_Billy_away.csv,2025,Billy,away,ImpliedTotal_forward,990,269,0,FALSE
2025_Billy_away.csv,2025,Billy,away,ImpliedTotal_stepwise,991,269,0,FALSE
2025_Billy_away.csv,2025,Billy,away,ImpliedTeamScored_forward,992,269,0,FALSE
2025_Billy_away.csv,2025,Billy,away,ImpliedOppScored_forward,993,269,0,FALSE
2025_Billy_away.csv,2025,Billy,away,ImpliedTeamScored_stepwise,994,269,0,FALSE
2025_Billy_away.csv,2025,Billy,away,ImpliedOppScored_stepwise,995,269,0,FALSE
2025_Billy_away.csv,2025,Billy,away,Score_avg,996,269,0,FALSE
2025_Billy_away.csv,2025,Billy,away,OppScore_avg,997,269,0,FALSE
2025_Billy_away.csv,2025,Billy,away,ScoreTotal_avg,998,269,0,FALSE
2025_Billy_away.csv,2025,Billy,away,ScoreDiff_avg,999,269,0,FALSE
2025_Billy_away.csv,2025,Billy,away,ScoreDiff_final,1118,269,0,FALSE
2025_Billy_away.csv,2025,Billy,away,Billy,1119,269,0,FALSE
2025_Billy_away_score.csv,2025,Billy,away_score,ScoreTotal_stepwise,978,269,0,FALSE
2025_Billy_away_score.csv,2025,Billy,away_score,ScoreTotal2_stepwise,979,269,0,FALSE
2025_Billy_away_score.csv,2025,Billy,away_score,ScoreTotal_forward,980,269,0,FALSE
2025_Billy_away_score.csv,2025,Billy,away_score,ScoreTotal2_forward,981,269,0,FALSE
2025_Billy_away_score.csv,2025,Billy,away_score,Score_forward,982,269,0,FALSE
2025_Billy_away_score.csv,2025,Billy,away_score,Score_stepwise,983,269,0,FALSE
2025_Billy_away_score.csv,2025,Billy,away_score,OppScore_forward,984,269,0,FALSE
2025_Billy_away_score.csv,2025,Billy,away_score,OppScore_stepwise,985,269,0,FALSE
2025_Billy_away_score.csv,2025,Billy,away_score,ScoreDiff_forward,986,269,0,FALSE
2025_Billy_away_score.csv,2025,Billy,away_score,ScoreDiff_stepwise,987,269,0,FALSE
2025_Billy_away_score.csv,2025,Billy,away_score,ImpliedScoreDiff_forward,988,269,0,FALSE
2025_Billy_away_score.csv,2025,Billy,away_score,ImpliedScoreDiff_stepwise,989,269,0,FALSE
2025_Billy_away_score.csv,2025,Billy,away_score,ImpliedTotal_forward,990,269,0,FALSE
2025_Billy_away_score.csv,2025,Billy,away_score,ImpliedTotal_stepwise,991,269,0,FALSE
2025_Billy_away_score.csv,2025,Billy,away_score,ImpliedTeamScored_forward,992,269,0,FALSE
2025_Billy_away_score.csv,2025,Billy,away_score,ImpliedOppScored_forward,993,269,0,FALSE
2025_Billy_away_score.csv,2025,Billy,away_score,ImpliedTeamScored_stepwise,994,269,0,FALSE
2025_Billy_away_score.csv,2025,Billy,away_score,ImpliedOppScored_stepwise,995,269,0,FALSE
2025_Billy_away_score.csv,2025,Billy,away_score,Score_avg,996,269,0,FALSE
2025_Billy_away_score.csv,2025,Billy,away_score,OppScore_avg,997,269,0,FALSE
2025_Billy_away_score.csv,2025,Billy,away_score,ScoreTotal_avg,998,269,0,FALSE
2025_Billy_away_score.csv,2025,Billy,away_score,ScoreDiff_avg,999,269,0,FALSE
2025_Billy_away_score.csv,2025,Billy,away_score,Score_final,1118,269,0,FALSE
2025_Billy_away_score.csv,2025,Billy,away_score,Billy,1119,269,0,FALSE
2025_Billy_home.csv,2025,Billy,home,ScoreTotal_stepwise,978,269,0,FALSE
2025_Billy_home.csv,2025,Billy,home,ScoreTotal2_stepwise,979,269,0,FALSE
2025_Billy_home.csv,2025,Billy,home,ScoreTotal_forward,980,269,0,FALSE
2025_Billy_home.csv,2025,Billy,home,ScoreTotal2_forward,981,269,0,FALSE
2025_Billy_home.csv,2025,Billy,home,Score_forward,982,269,0,FALSE
2025_Billy_home.csv,2025,Billy,home,Score_stepwise,983,269,0,FALSE
2025_Billy_home.csv,2025,Billy,home,OppScore_forward,984,269,0,FALSE
2025_Billy_home.csv,2025,Billy,home,OppScore_stepwise,985,269,0,FALSE
2025_Billy_home.csv,2025,Billy,home,ScoreDiff_forward,986,269,0,FALSE
2025_Billy_home.csv,2025,Billy,home,ScoreDiff_stepwise,987,269,0,FALSE
2025_Billy_home.csv,2025,Billy,home,ImpliedScoreDiff_forward,988,269,0,FALSE
2025_Billy_home.csv,2025,Billy,home,ImpliedScoreDiff_stepwise,989,269,0,FALSE
2025_Billy_home.csv,2025,Billy,home,ImpliedTotal_forward,990,269,0,FALSE
2025_Billy_home.csv,2025,Billy,home,ImpliedTotal_stepwise,991,269,0,FALSE
2025_Billy_home.csv,2025,Billy,home,ImpliedTeamScored_forward,992,269,0,FALSE
2025_Billy_home.csv,2025,Billy,home,ImpliedOppScored_forward,993,269,0,FALSE
2025_Billy_home.csv,2025,Billy,home,ImpliedTeamScored_stepwise,994,269,0,FALSE
2025_Billy_home.csv,2025,Billy,home,ImpliedOppScored_stepwise,995,269,0,FALSE
2025_Billy_home.csv,2025,Billy,home,Score_avg,996,269,0,FALSE
2025_Billy_home.csv,2025,Billy,home,OppScore_avg,997,269,0,FALSE
2025_Billy_home.csv,2025,Billy,home,ScoreTotal_avg,998,269,0,FALSE
2025_Billy_home.csv,2025,Billy,home,ScoreDiff_avg,999,269,0,FALSE
2025_Billy_home.csv,2025,Billy,home,ScoreDiff_final,1118,269,0,FALSE
2025_Billy_home.csv,2025,Billy,home,Billy,1119,269,0,FALSE
2025_Billy_home_score.csv,2025,Billy,home_score,ScoreTotal_stepwise,978,269,0,FALSE
2025_Billy_home_score.csv,2025,Billy,home_score,ScoreTotal2_stepwise,979,269,0,FALSE
2025_Billy_home_score.csv,2025,Billy,home_score,ScoreTotal_forward,980,269,0,FALSE
2025_Billy_home_score.csv,2025,Billy,home_score,ScoreTotal2_forward,981,269,0,FALSE
2025_Billy_home_score.csv,2025,Billy,home_score,Score_forward,982,269,0,FALSE
2025_Billy_home_score.csv,2025,Billy,home_score,Score_stepwise,983,269,0,FALSE
2025_Billy_home_score.csv,2025,Billy,home_score,OppScore_forward,984,269,0,FALSE
2025_Billy_home_score.csv,2025,Billy,home_score,OppScore_stepwise,985,269,0,FALSE
2025_Billy_home_score.csv,2025,Billy,home_score,ScoreDiff_forward,986,269,0,FALSE
2025_Billy_home_score.csv,2025,Billy,home_score,ScoreDiff_stepwise,987,269,0,FALSE
2025_Billy_home_score.csv,2025,Billy,home_score,ImpliedScoreDiff_forward,988,269,0,FALSE
2025_Billy_home_score.csv,2025,Billy,home_score,ImpliedScoreDiff_stepwise,989,269,0,FALSE
2025_Billy_home_score.csv,2025,Billy,home_score,ImpliedTotal_forward,990,269,0,FALSE
2025_Billy_home_score.csv,2025,Billy,home_score,ImpliedTotal_stepwise,991,269,0,FALSE
2025_Billy_home_score.csv,2025,Billy,home_score,ImpliedTeamScored_forward,992,269,0,FALSE
2025_Billy_home_score.csv,2025,Billy,home_score,ImpliedOppScored_forward,993,269,0,FALSE
2025_Billy_home_score.csv,2025,Billy,home_score,ImpliedTeamScored_stepwise,994,269,0,FALSE
2025_Billy_home_score.csv,2025,Billy,home_score,ImpliedOppScored_stepwise,995,269,0,FALSE
2025_Billy_home_score.csv,2025,Billy,home_score,Score_avg,996,269,0,FALSE
2025_Billy_home_score.csv,2025,Billy,home_score,OppScore_avg,997,269,0,FALSE
2025_Billy_home_score.csv,2025,Billy,home_score,ScoreTotal_avg,998,269,0,FALSE
2025_Billy_home_score.csv,2025,Billy,home_score,ScoreDiff_avg,999,269,0,FALSE
2025_Billy_home_score.csv,2025,Billy,home_score,Score_final,1118,269,0,FALSE
2025_Billy_home_score.csv,2025,Billy,home_score,Billy,1119,269,0,FALSE
2026_Billy_away.csv,2026,Billy,away,ScoreTotal_stepwise,978,270,2,FALSE
2026_Billy_away.csv,2026,Billy,away,ScoreTotal2_stepwise,979,270,2,FALSE
2026_Billy_away.csv,2026,Billy,away,ScoreTotal_forward,980,270,2,FALSE
2026_Billy_away.csv,2026,Billy,away,ScoreTotal2_forward,981,270,2,FALSE
2026_Billy_away.csv,2026,Billy,away,Score_forward,982,270,2,FALSE
2026_Billy_away.csv,2026,Billy,away,Score_stepwise,983,270,2,FALSE
2026_Billy_away.csv,2026,Billy,away,OppScore_forward,984,270,2,FALSE
2026_Billy_away.csv,2026,Billy,away,OppScore_stepwise,985,270,2,FALSE
2026_Billy_away.csv,2026,Billy,away,ScoreDiff_forward,986,270,2,FALSE
2026_Billy_away.csv,2026,Billy,away,ScoreDiff_stepwise,987,270,2,FALSE
2026_Billy_away.csv,2026,Billy,away,ImpliedScoreDiff_forward,988,270,2,FALSE
2026_Billy_away.csv,2026,Billy,away,ImpliedScoreDiff_stepwise,989,270,2,FALSE
2026_Billy_away.csv,2026,Billy,away,ImpliedTotal_forward,990,270,2,FALSE
2026_Billy_away.csv,2026,Billy,away,ImpliedTotal_stepwise,991,270,2,FALSE
2026_Billy_away.csv,2026,Billy,away,ImpliedTeamScored_forward,992,270,2,FALSE
2026_Billy_away.csv,2026,Billy,away,ImpliedOppScored_forward,993,270,2,FALSE
2026_Billy_away.csv,2026,Billy,away,ImpliedTeamScored_stepwise,994,270,2,FALSE
2026_Billy_away.csv,2026,Billy,away,ImpliedOppScored_stepwise,995,270,2,FALSE
2026_Billy_away.csv,2026,Billy,away,Score_avg,996,270,2,FALSE
2026_Billy_away.csv,2026,Billy,away,OppScore_avg,997,270,2,FALSE
2026_Billy_away.csv,2026,Billy,away,ScoreTotal_avg,998,270,2,FALSE
2026_Billy_away.csv,2026,Billy,away,ScoreDiff_avg,999,270,2,FALSE
2026_Billy_away.csv,2026,Billy,away,ScoreDiff_final,1118,270,2,FALSE
2026_Billy_away.csv,2026,Billy,away,Billy,1119,270,2,FALSE
2026_Billy_away_score.csv,2026,Billy,away_score,ScoreTotal_stepwise,978,270,2,FALSE
2026_Billy_away_score.csv,2026,Billy,away_score,ScoreTotal2_stepwise,979,270,2,FALSE
2026_Billy_away_score.csv,2026,Billy,away_score,ScoreTotal_forward,980,270,2,FALSE
2026_Billy_away_score.csv,2026,Billy,away_score,ScoreTotal2_forward,981,270,2,FALSE
2026_Billy_away_score.csv,2026,Billy,away_score,Score_forward,982,270,2,FALSE
2026_Billy_away_score.csv,2026,Billy,away_score,Score_stepwise,983,270,2,FALSE
2026_Billy_away_score.csv,2026,Billy,away_score,OppScore_forward,984,270,2,FALSE
2026_Billy_away_score.csv,2026,Billy,away_score,OppScore_stepwise,985,270,2,FALSE
2026_Billy_away_score.csv,2026,Billy,away_score,ScoreDiff_forward,986,270,2,FALSE
2026_Billy_away_score.csv,2026,Billy,away_score,ScoreDiff_stepwise,987,270,2,FALSE
2026_Billy_away_score.csv,2026,Billy,away_score,ImpliedScoreDiff_forward,988,270,2,FALSE
2026_Billy_away_score.csv,2026,Billy,away_score,ImpliedScoreDiff_stepwise,989,270,2,FALSE
2026_Billy_away_score.csv,2026,Billy,away_score,ImpliedTotal_forward,990,270,2,FALSE
2026_Billy_away_score.csv,2026,Billy,away_score,ImpliedTotal_stepwise,991,270,2,FALSE
2026_Billy_away_score.csv,2026,Billy,away_score,ImpliedTeamScored_forward,992,270,2,FALSE
2026_Billy_away_score.csv,2026,Billy,away_score,ImpliedOppScored_forward,993,270,2,FALSE
2026_Billy_away_score.csv,2026,Billy,away_score,ImpliedTeamScored_stepwise,994,270,2,FALSE
2026_Billy_away_score.csv,2026,Billy,away_score,ImpliedOppScored_stepwise,995,270,2,FALSE
2026_Billy_away_score.csv,2026,Billy,away_score,Score_avg,996,270,2,FALSE
2026_Billy_away_score.csv,2026,Billy,away_score,OppScore_avg,997,270,2,FALSE
2026_Billy_away_score.csv,2026,Billy,away_score,ScoreTotal_avg,998,270,2,FALSE
2026_Billy_away_score.csv,2026,Billy,away_score,ScoreDiff_avg,999,270,2,FALSE
2026_Billy_away_score.csv,2026,Billy,away_score,Score_final,1118,270,2,FALSE
2026_Billy_away_score.csv,2026,Billy,away_score,Billy,1119,270,2,FALSE
2026_Billy_home.csv,2026,Billy,home,ScoreTotal_stepwise,978,270,2,FALSE
2026_Billy_home.csv,2026,Billy,home,ScoreTotal2_stepwise,979,270,2,FALSE
2026_Billy_home.csv,2026,Billy,home,ScoreTotal_forward,980,270,2,FALSE
2026_Billy_home.csv,2026,Billy,home,ScoreTotal2_forward,981,270,2,FALSE
2026_Billy_home.csv,2026,Billy,home,Score_forward,982,270,2,FALSE
2026_Billy_home.csv,2026,Billy,home,Score_stepwise,983,270,2,FALSE
2026_Billy_home.csv,2026,Billy,home,OppScore_forward,984,270,2,FALSE
2026_Billy_home.csv,2026,Billy,home,OppScore_stepwise,985,270,2,FALSE
2026_Billy_home.csv,2026,Billy,home,ScoreDiff_forward,986,270,2,FALSE
2026_Billy_home.csv,2026,Billy,home,ScoreDiff_stepwise,987,270,2,FALSE
2026_Billy_home.csv,2026,Billy,home,ImpliedScoreDiff_forward,988,270,2,FALSE
2026_Billy_home.csv,2026,Billy,home,ImpliedScoreDiff_stepwise,989,270,2,FALSE
2026_Billy_home.csv,2026,Billy,home,ImpliedTotal_forward,990,270,2,FALSE
2026_Billy_home.csv,2026,Billy,home,ImpliedTotal_stepwise,991,270,2,FALSE
2026_Billy_home.csv,2026,Billy,home,ImpliedTeamScored_forward,992,270,2,FALSE
2026_Billy_home.csv,2026,Billy,home,ImpliedOppScored_forward,993,270,2,FALSE
2026_Billy_home.csv,2026,Billy,home,ImpliedTeamScored_stepwise,994,270,2,FALSE
2026_Billy_home.csv,2026,Billy,home,ImpliedOppScored_stepwise,995,270,2,FALSE
2026_Billy_home.csv,2026,Billy,home,Score_avg,996,270,2,FALSE
2026_Billy_home.csv,2026,Billy,home,OppScore_avg,997,270,2,FALSE
2026_Billy_home.csv,2026,Billy,home,ScoreTotal_avg,998,270,2,FALSE
2026_Billy_home.csv,2026,Billy,home,ScoreDiff_avg,999,270,2,FALSE
2026_Billy_home.csv,2026,Billy,home,ScoreDiff_final,1118,270,2,FALSE
2026_Billy_home.csv,2026,Billy,home,Billy,1119,270,2,FALSE
2026_Billy_home_score.csv,2026,Billy,home_score,ScoreTotal_stepwise,978,270,2,FALSE
2026_Billy_home_score.csv,2026,Billy,home_score,ScoreTotal2_stepwise,979,270,2,FALSE
2026_Billy_home_score.csv,2026,Billy,home_score,ScoreTotal_forward,980,270,2,FALSE
2026_Billy_home_score.csv,2026,Billy,home_score,ScoreTotal2_forward,981,270,2,FALSE
2026_Billy_home_score.csv,2026,Billy,home_score,Score_forward,982,270,2,FALSE
2026_Billy_home_score.csv,2026,Billy,home_score,Score_stepwise,983,270,2,FALSE
2026_Billy_home_score.csv,2026,Billy,home_score,OppScore_forward,984,270,2,FALSE
2026_Billy_home_score.csv,2026,Billy,home_score,OppScore_stepwise,985,270,2,FALSE
2026_Billy_home_score.csv,2026,Billy,home_score,ScoreDiff_forward,986,270,2,FALSE
2026_Billy_home_score.csv,2026,Billy,home_score,ScoreDiff_stepwise,987,270,2,FALSE
2026_Billy_home_score.csv,2026,Billy,home_score,ImpliedScoreDiff_forward,988,270,2,FALSE
2026_Billy_home_score.csv,2026,Billy,home_score,ImpliedScoreDiff_stepwise,989,270,2,FALSE
2026_Billy_home_score.csv,2026,Billy,home_score,ImpliedTotal_forward,990,270,2,FALSE
2026_Billy_home_score.csv,2026,Billy,home_score,ImpliedTotal_stepwise,991,270,2,FALSE
2026_Billy_home_score.csv,2026,Billy,home_score,ImpliedTeamScored_forward,992,270,2,FALSE
2026_Billy_home_score.csv,2026,Billy,home_score,ImpliedOppScored_forward,993,270,2,FALSE
2026_Billy_home_score.csv,2026,Billy,home_score,ImpliedTeamScored_stepwise,994,270,2,FALSE
2026_Billy_home_score.csv,2026,Billy,home_score,ImpliedOppScored_stepwise,995,270,2,FALSE
2026_Billy_home_score.csv,2026,Billy,home_score,Score_avg,996,270,2,FALSE
2026_Billy_home_score.csv,2026,Billy,home_score,OppScore_avg,997,270,2,FALSE
2026_Billy_home_score.csv,2026,Billy,home_score,ScoreTotal_avg,998,270,2,FALSE
2026_Billy_home_score.csv,2026,Billy,home_score,ScoreDiff_avg,999,270,2,FALSE
2026_Billy_home_score.csv,2026,Billy,home_score,Score_final,1118,270,2,FALSE
2026_Billy_home_score.csv,2026,Billy,home_score,Billy,1119,270,2,FALSE
2024_BillyTrees_away.csv,2024,Billy Trees,away,Score_avg,1082,275,0,FALSE
2024_BillyTrees_away.csv,2024,Billy Trees,away,OppScore_avg,1083,275,0,FALSE
2024_BillyTrees_away.csv,2024,Billy Trees,away,ScoreTotal_avg,1084,275,0,FALSE
2024_BillyTrees_away.csv,2024,Billy Trees,away,ScoreDiff_avg,1085,275,0,FALSE
2024_BillyTrees_away.csv,2024,Billy Trees,away,ScoreDiff_xgb,1103,275,0,FALSE
2024_BillyTrees_away.csv,2024,Billy Trees,away,TotalScore_xgb,1104,275,0,FALSE
2024_BillyTrees_away.csv,2024,Billy Trees,away,Score_xgb,1106,275,0,FALSE
2024_BillyTrees_away.csv,2024,Billy Trees,away,OppScore_HA_xgb,1110,275,0,FALSE
2024_BillyTrees_away.csv,2024,Billy Trees,away,OppScore_xgb,1111,275,0,FALSE
2024_BillyTrees_away.csv,2024,Billy Trees,away,ScoreDiff_xgb_score,1112,275,0,FALSE
2024_BillyTrees_away.csv,2024,Billy Trees,away,ScoreDiff_HA_xgb_score,1114,275,0,FALSE
2024_BillyTrees_away.csv,2024,Billy Trees,away,ImpliedScoreDiff_xgb,1116,275,0,FALSE
2024_BillyTrees_away.csv,2024,Billy Trees,away,ImpliedTotal_xgb,1118,275,0,FALSE
2024_BillyTrees_away.csv,2024,Billy Trees,away,ImpliedTotal_HA_xgb,1120,275,0,FALSE
2024_BillyTrees_away.csv,2024,Billy Trees,away,ImpliedTeamScored_xgb,1122,275,0,FALSE
2024_BillyTrees_away.csv,2024,Billy Trees,away,ImpliedOppScored_xgb,1123,275,0,FALSE
2024_BillyTrees_away.csv,2024,Billy Trees,away,ImpliedTeamScored_avg,1126,275,0,FALSE
2024_BillyTrees_away.csv,2024,Billy Trees,away,Score_avg_final,1127,275,0,FALSE
2024_BillyTrees_away.csv,2024,Billy Trees,away,OppScore_avg_final,1128,275,0,FALSE
2024_BillyTrees_away.csv,2024,Billy Trees,away,ScoreTotal_avg_final,1129,275,0,FALSE
2024_BillyTrees_away.csv,2024,Billy Trees,away,ScoreDiff_avg_final,1130,275,0,FALSE
2024_BillyTrees_home.csv,2024,Billy Trees,home,Score_avg,1082,275,0,FALSE
2024_BillyTrees_home.csv,2024,Billy Trees,home,OppScore_avg,1083,275,0,FALSE
2024_BillyTrees_home.csv,2024,Billy Trees,home,ScoreTotal_avg,1084,275,0,FALSE
2024_BillyTrees_home.csv,2024,Billy Trees,home,ScoreDiff_avg,1085,275,0,FALSE
2024_BillyTrees_home.csv,2024,Billy Trees,home,ScoreDiff_xgb,1103,275,0,FALSE
2024_BillyTrees_home.csv,2024,Billy Trees,home,TotalScore_xgb,1104,275,0,FALSE
2024_BillyTrees_home.csv,2024,Billy Trees,home,Score_xgb,1106,275,0,FALSE
2024_BillyTrees_home.csv,2024,Billy Trees,home,OppScore_HA_xgb,1110,275,0,FALSE
2024_BillyTrees_home.csv,2024,Billy Trees,home,OppScore_xgb,1111,275,0,FALSE
2024_BillyTrees_home.csv,2024,Billy Trees,home,ScoreDiff_xgb_score,1112,275,0,FALSE
2024_BillyTrees_home.csv,2024,Billy Trees,home,ScoreDiff_HA_xgb_score,1114,275,0,FALSE
2024_BillyTrees_home.csv,2024,Billy Trees,home,ImpliedScoreDiff_xgb,1116,275,0,FALSE
2024_BillyTrees_home.csv,2024,Billy Trees,home,ImpliedTotal_xgb,1118,275,0,FALSE
2024_BillyTrees_home.csv,2024,Billy Trees,home,ImpliedTotal_HA_xgb,1120,275,0,FALSE
2024_BillyTrees_home.csv,2024,Billy Trees,home,ImpliedTeamScored_xgb,1122,275,0,FALSE
2024_BillyTrees_home.csv,2024,Billy Trees,home,ImpliedOppScored_xgb,1123,275,0,FALSE
2024_BillyTrees_home.csv,2024,Billy Trees,home,ImpliedTeamScored_avg,1126,275,0,FALSE
2024_BillyTrees_home.csv,2024,Billy Trees,home,Score_avg_final,1127,275,0,FALSE
2024_BillyTrees_home.csv,2024,Billy Trees,home,OppScore_avg_final,1128,275,0,FALSE
2024_BillyTrees_home.csv,2024,Billy Trees,home,ScoreTotal_avg_final,1129,275,0,FALSE
2024_BillyTrees_home.csv,2024,Billy Trees,home,ScoreDiff_avg_final,1130,275,0,FALSE
2025_BillyTrees_away.csv,2025,Billy Trees,away,Score_avg,1082,269,0,FALSE
2025_BillyTrees_away.csv,2025,Billy Trees,away,OppScore_avg,1083,269,0,FALSE
2025_BillyTrees_away.csv,2025,Billy Trees,away,ScoreTotal_avg,1084,269,0,FALSE
2025_BillyTrees_away.csv,2025,Billy Trees,away,ScoreDiff_avg,1085,269,0,FALSE
2025_BillyTrees_away.csv,2025,Billy Trees,away,ScoreDiff_xgb,1103,269,0,FALSE
2025_BillyTrees_away.csv,2025,Billy Trees,away,TotalScore_xgb,1104,269,0,FALSE
2025_BillyTrees_away.csv,2025,Billy Trees,away,Score_xgb,1106,269,0,FALSE
2025_BillyTrees_away.csv,2025,Billy Trees,away,OppScore_HA_xgb,1110,269,0,FALSE
2025_BillyTrees_away.csv,2025,Billy Trees,away,OppScore_xgb,1111,269,0,FALSE
2025_BillyTrees_away.csv,2025,Billy Trees,away,ScoreDiff_xgb_score,1112,269,0,FALSE
2025_BillyTrees_away.csv,2025,Billy Trees,away,ScoreDiff_HA_xgb_score,1114,269,0,FALSE
2025_BillyTrees_away.csv,2025,Billy Trees,away,ImpliedScoreDiff_xgb,1116,269,0,FALSE
2025_BillyTrees_away.csv,2025,Billy Trees,away,ImpliedTotal_xgb,1118,269,0,FALSE
2025_BillyTrees_away.csv,2025,Billy Trees,away,ImpliedTotal_HA_xgb,1120,269,0,FALSE
2025_BillyTrees_away.csv,2025,Billy Trees,away,ImpliedTeamScored_xgb,1122,269,0,FALSE
2025_BillyTrees_away.csv,2025,Billy Trees,away,ImpliedOppScored_xgb,1123,269,0,FALSE
2025_BillyTrees_away.csv,2025,Billy Trees,away,ImpliedTeamScored_avg,1126,269,0,FALSE
2025_BillyTrees_away.csv,2025,Billy Trees,away,Score_avg_final,1127,269,0,FALSE
2025_BillyTrees_away.csv,2025,Billy Trees,away,OppScore_avg_final,1128,269,0,FALSE
2025_BillyTrees_away.csv,2025,Billy Trees,away,ScoreTotal_avg_final,1129,269,0,FALSE
2025_BillyTrees_away.csv,2025,Billy Trees,away,ScoreDiff_avg_final,1130,269,0,FALSE
2025_BillyTrees_home.csv,2025,Billy Trees,home,Score_avg,1082,269,0,FALSE
2025_BillyTrees_home.csv,2025,Billy Trees,home,OppScore_avg,1083,269,0,FALSE
2025_BillyTrees_home.csv,2025,Billy Trees,home,ScoreTotal_avg,1084,269,0,FALSE
2025_BillyTrees_home.csv,2025,Billy Trees,home,ScoreDiff_avg,1085,269,0,FALSE
2025_BillyTrees_home.csv,2025,Billy Trees,home,ScoreDiff_xgb,1103,269,0,FALSE
2025_BillyTrees_home.csv,2025,Billy Trees,home,TotalScore_xgb,1104,269,0,FALSE
2025_BillyTrees_home.csv,2025,Billy Trees,home,Score_xgb,1106,269,0,FALSE
2025_BillyTrees_home.csv,2025,Billy Trees,home,OppScore_HA_xgb,1110,269,0,FALSE
2025_BillyTrees_home.csv,2025,Billy Trees,home,OppScore_xgb,1111,269,0,FALSE
2025_BillyTrees_home.csv,2025,Billy Trees,home,ScoreDiff_xgb_score,1112,269,0,FALSE
2025_BillyTrees_home.csv,2025,Billy Trees,home,ScoreDiff_HA_xgb_score,1114,269,0,FALSE
2025_BillyTrees_home.csv,2025,Billy Trees,home,ImpliedScoreDiff_xgb,1116,269,0,FALSE
2025_BillyTrees_home.csv,2025,Billy Trees,home,ImpliedTotal_xgb,1118,269,0,FALSE
2025_BillyTrees_home.csv,2025,Billy Trees,home,ImpliedTotal_HA_xgb,1120,269,0,FALSE
2025_BillyTrees_home.csv,2025,Billy Trees,home,ImpliedTeamScored_xgb,1122,269,0,FALSE
2025_BillyTrees_home.csv,2025,Billy Trees,home,ImpliedOppScored_xgb,1123,269,0,FALSE
2025_BillyTrees_home.csv,2025,Billy Trees,home,ImpliedTeamScored_avg,1126,269,0,FALSE
2025_BillyTrees_home.csv,2025,Billy Trees,home,Score_avg_final,1127,269,0,FALSE
2025_BillyTrees_home.csv,2025,Billy Trees,home,OppScore_avg_final,1128,269,0,FALSE
2025_BillyTrees_home.csv,2025,Billy Trees,home,ScoreTotal_avg_final,1129,269,0,FALSE
2025_BillyTrees_home.csv,2025,Billy Trees,home,ScoreDiff_avg_final,1130,269,0,FALSE
2026_BillyTrees_away.csv,2026,Billy Trees,away,Score_avg,1082,272,0,FALSE
2026_BillyTrees_away.csv,2026,Billy Trees,away,OppScore_avg,1083,272,0,FALSE
2026_BillyTrees_away.csv,2026,Billy Trees,away,ScoreTotal_avg,1084,272,0,FALSE
2026_BillyTrees_away.csv,2026,Billy Trees,away,ScoreDiff_avg,1085,272,0,FALSE
2026_BillyTrees_away.csv,2026,Billy Trees,away,ScoreDiff_xgb,1103,272,0,FALSE
2026_BillyTrees_away.csv,2026,Billy Trees,away,TotalScore_xgb,1104,272,0,FALSE
2026_BillyTrees_away.csv,2026,Billy Trees,away,Score_xgb,1106,272,0,FALSE
2026_BillyTrees_away.csv,2026,Billy Trees,away,OppScore_HA_xgb,1110,272,0,FALSE
2026_BillyTrees_away.csv,2026,Billy Trees,away,OppScore_xgb,1111,272,0,FALSE
2026_BillyTrees_away.csv,2026,Billy Trees,away,ScoreDiff_xgb_score,1112,272,0,FALSE
2026_BillyTrees_away.csv,2026,Billy Trees,away,ScoreDiff_HA_xgb_score,1114,272,0,FALSE
2026_BillyTrees_away.csv,2026,Billy Trees,away,ImpliedScoreDiff_xgb,1116,272,0,FALSE
2026_BillyTrees_away.csv,2026,Billy Trees,away,ImpliedTotal_xgb,1118,272,0,FALSE
2026_BillyTrees_away.csv,2026,Billy Trees,away,ImpliedTotal_HA_xgb,1120,272,0,FALSE
2026_BillyTrees_away.csv,2026,Billy Trees,away,ImpliedTeamScored_xgb,1122,272,0,FALSE
2026_BillyTrees_away.csv,2026,Billy Trees,away,ImpliedOppScored_xgb,1123,272,0,FALSE
2026_BillyTrees_away.csv,2026,Billy Trees,away,ImpliedTeamScored_avg,1126,272,0,FALSE
2026_BillyTrees_away.csv,2026,Billy Trees,away,Score_avg_final,1127,272,0,FALSE
2026_BillyTrees_away.csv,2026,Billy Trees,away,OppScore_avg_final,1128,272,0,FALSE
2026_BillyTrees_away.csv,2026,Billy Trees,away,ScoreTotal_avg_final,1129,272,0,FALSE
2026_BillyTrees_away.csv,2026,Billy Trees,away,ScoreDiff_avg_final,1130,272,0,FALSE
2026_BillyTrees_home.csv,2026,Billy Trees,home,Score_avg,1082,272,0,FALSE
2026_BillyTrees_home.csv,2026,Billy Trees,home,OppScore_avg,1083,272,0,FALSE
2026_BillyTrees_home.csv,2026,Billy Trees,home,ScoreTotal_avg,1084,272,0,FALSE
2026_BillyTrees_home.csv,2026,Billy Trees,home,ScoreDiff_avg,1085,272,0,FALSE
2026_BillyTrees_home.csv,2026,Billy Trees,home,ScoreDiff_xgb,1103,272,0,FALSE
2026_BillyTrees_home.csv,2026,Billy Trees,home,TotalScore_xgb,1104,272,0,FALSE
2026_BillyTrees_home.csv,2026,Billy Trees,home,Score_xgb,1106,272,0,FALSE
2026_BillyTrees_home.csv,2026,Billy Trees,home,OppScore_HA_xgb,1110,272,0,FALSE
2026_BillyTrees_home.csv,2026,Billy Trees,home,OppScore_xgb,1111,272,0,FALSE
2026_BillyTrees_home.csv,2026,Billy Trees,home,ScoreDiff_xgb_score,1112,272,0,FALSE
2026_BillyTrees_home.csv,2026,Billy Trees,home,ScoreDiff_HA_xgb_score,1114,272,0,FALSE
2026_BillyTrees_home.csv,2026,Billy Trees,home,ImpliedScoreDiff_xgb,1116,272,0,FALSE
2026_BillyTrees_home.csv,2026,Billy Trees,home,ImpliedTotal_xgb,1118,272,0,FALSE
2026_BillyTrees_home.csv,2026,Billy Trees,home,ImpliedTotal_HA_xgb,1120,272,0,FALSE
2026_BillyTrees_home.csv,2026,Billy Trees,home,ImpliedTeamScored_xgb,1122,272,0,FALSE
2026_BillyTrees_home.csv,2026,Billy Trees,home,ImpliedOppScored_xgb,1123,272,0,FALSE
2026_BillyTrees_home.csv,2026,Billy Trees,home,ImpliedTeamScored_avg,1126,272,0,FALSE
2026_BillyTrees_home.csv,2026,Billy Trees,home,Score_avg_final,1127,272,0,FALSE
2026_BillyTrees_home.csv,2026,Billy Trees,home,OppScore_avg_final,1128,272,0,FALSE
2026_BillyTrees_home.csv,2026,Billy Trees,home,ScoreTotal_avg_final,1129,272,0,FALSE
2026_BillyTrees_home.csv,2026,Billy Trees,home,ScoreDiff_avg_final,1130,272,0,FALSE
2024_ScoresLateReg_away.csv,2024,Scores Late Regression,away,ScoreTotal_stepwise,978,275,0,FALSE
2024_ScoresLateReg_away.csv,2024,Scores Late Regression,away,ScoreTotal2_stepwise,980,275,0,FALSE
2024_ScoresLateReg_away.csv,2024,Scores Late Regression,away,ScoreTotal_forward,982,275,0,FALSE
2024_ScoresLateReg_away.csv,2024,Scores Late Regression,away,ScoreTotal2_forward,984,275,0,FALSE
2024_ScoresLateReg_away.csv,2024,Scores Late Regression,away,Score_forward,986,275,0,FALSE
2024_ScoresLateReg_away.csv,2024,Scores Late Regression,away,Score_stepwise,988,275,0,FALSE
2024_ScoresLateReg_away.csv,2024,Scores Late Regression,away,OppScore_forward,990,275,0,FALSE
2024_ScoresLateReg_away.csv,2024,Scores Late Regression,away,OppScore_stepwise,991,275,0,FALSE
2024_ScoresLateReg_away.csv,2024,Scores Late Regression,away,ScoreDiff_forward,992,275,0,FALSE
2024_ScoresLateReg_away.csv,2024,Scores Late Regression,away,ScoreDiff_stepwise,994,275,0,FALSE
2024_ScoresLateReg_away.csv,2024,Scores Late Regression,away,ImpliedScoreDiff_forward,996,275,0,FALSE
2024_ScoresLateReg_away.csv,2024,Scores Late Regression,away,ImpliedScoreDiff_stepwise,998,275,0,FALSE
2024_ScoresLateReg_away.csv,2024,Scores Late Regression,away,ImpliedTotal_forward,1000,275,0,FALSE
2024_ScoresLateReg_away.csv,2024,Scores Late Regression,away,ImpliedTotal_stepwise,1002,275,0,FALSE
2024_ScoresLateReg_away.csv,2024,Scores Late Regression,away,ImpliedTeamScored_forward,1004,275,0,FALSE
2024_ScoresLateReg_away.csv,2024,Scores Late Regression,away,ImpliedOppScored_forward,1005,275,0,FALSE
2024_ScoresLateReg_away.csv,2024,Scores Late Regression,away,ImpliedTeamScored_stepwise,1008,275,0,FALSE
2024_ScoresLateReg_away.csv,2024,Scores Late Regression,away,ImpliedOppScored_stepwise,1009,275,0,FALSE
2024_ScoresLateReg_away.csv,2024,Scores Late Regression,away,Score_avg,1011,275,0,FALSE
2024_ScoresLateReg_away.csv,2024,Scores Late Regression,away,OppScore_avg,1012,275,0,FALSE
2024_ScoresLateReg_away.csv,2024,Scores Late Regression,away,ScoreTotal_avg,1013,275,0,FALSE
2024_ScoresLateReg_away.csv,2024,Scores Late Regression,away,ScoreDiff_avg,1014,275,0,FALSE
2024_ScoresLateReg_home.csv,2024,Scores Late Regression,home,ScoreTotal_stepwise,978,275,0,FALSE
2024_ScoresLateReg_home.csv,2024,Scores Late Regression,home,ScoreTotal2_stepwise,980,275,0,FALSE
2024_ScoresLateReg_home.csv,2024,Scores Late Regression,home,ScoreTotal_forward,982,275,0,FALSE
2024_ScoresLateReg_home.csv,2024,Scores Late Regression,home,ScoreTotal2_forward,984,275,0,FALSE
2024_ScoresLateReg_home.csv,2024,Scores Late Regression,home,Score_forward,986,275,0,FALSE
2024_ScoresLateReg_home.csv,2024,Scores Late Regression,home,Score_stepwise,988,275,0,FALSE
2024_ScoresLateReg_home.csv,2024,Scores Late Regression,home,OppScore_forward,990,275,0,FALSE
2024_ScoresLateReg_home.csv,2024,Scores Late Regression,home,OppScore_stepwise,991,275,0,FALSE
2024_ScoresLateReg_home.csv,2024,Scores Late Regression,home,ScoreDiff_forward,992,275,0,FALSE
2024_ScoresLateReg_home.csv,2024,Scores Late Regression,home,ScoreDiff_stepwise,994,275,0,FALSE
2024_ScoresLateReg_home.csv,2024,Scores Late Regression,home,ImpliedScoreDiff_forward,996,275,0,FALSE
2024_ScoresLateReg_home.csv,2024,Scores Late Regression,home,ImpliedScoreDiff_stepwise,998,275,0,FALSE
2024_ScoresLateReg_home.csv,2024,Scores Late Regression,home,ImpliedTotal_forward,1000,275,0,FALSE
2024_ScoresLateReg_home.csv,2024,Scores Late Regression,home,ImpliedTotal_stepwise,1002,275,0,FALSE
2024_ScoresLateReg_home.csv,2024,Scores Late Regression,home,ImpliedTeamScored_forward,1004,275,0,FALSE
2024_ScoresLateReg_home.csv,2024,Scores Late Regression,home,ImpliedOppScored_forward,1005,275,0,FALSE
2024_ScoresLateReg_home.csv,2024,Scores Late Regression,home,ImpliedTeamScored_stepwise,1008,275,0,FALSE
2024_ScoresLateReg_home.csv,2024,Scores Late Regression,home,ImpliedOppScored_stepwise,1009,275,0,FALSE
2024_ScoresLateReg_home.csv,2024,Scores Late Regression,home,Score_avg,1011,275,0,FALSE
2024_ScoresLateReg_home.csv,2024,Scores Late Regression,home,OppScore_avg,1012,275,0,FALSE
2024_ScoresLateReg_home.csv,2024,Scores Late Regression,home,ScoreTotal_avg,1013,275,0,FALSE
2024_ScoresLateReg_home.csv,2024,Scores Late Regression,home,ScoreDiff_avg,1014,275,0,FALSE
2025_ScoresLateReg_away.csv,2025,Scores Late Regression,away,ScoreTotal_stepwise,978,269,0,FALSE
2025_ScoresLateReg_away.csv,2025,Scores Late Regression,away,ScoreTotal2_stepwise,980,269,0,FALSE
2025_ScoresLateReg_away.csv,2025,Scores Late Regression,away,ScoreTotal_forward,982,269,0,FALSE
2025_ScoresLateReg_away.csv,2025,Scores Late Regression,away,ScoreTotal2_forward,984,269,0,FALSE
2025_ScoresLateReg_away.csv,2025,Scores Late Regression,away,Score_forward,986,269,0,FALSE
2025_ScoresLateReg_away.csv,2025,Scores Late Regression,away,Score_stepwise,988,269,0,FALSE
2025_ScoresLateReg_away.csv,2025,Scores Late Regression,away,OppScore_forward,990,269,0,FALSE
2025_ScoresLateReg_away.csv,2025,Scores Late Regression,away,OppScore_stepwise,991,269,0,FALSE
2025_ScoresLateReg_away.csv,2025,Scores Late Regression,away,ScoreDiff_forward,992,269,0,FALSE
2025_ScoresLateReg_away.csv,2025,Scores Late Regression,away,ScoreDiff_stepwise,994,269,0,FALSE
2025_ScoresLateReg_away.csv,2025,Scores Late Regression,away,ImpliedScoreDiff_forward,996,269,0,FALSE
2025_ScoresLateReg_away.csv,2025,Scores Late Regression,away,ImpliedScoreDiff_stepwise,998,269,0,FALSE
2025_ScoresLateReg_away.csv,2025,Scores Late Regression,away,ImpliedTotal_forward,1000,269,0,FALSE
2025_ScoresLateReg_away.csv,2025,Scores Late Regression,away,ImpliedTotal_stepwise,1002,269,0,FALSE
2025_ScoresLateReg_away.csv,2025,Scores Late Regression,away,ImpliedTeamScored_forward,1004,269,0,FALSE
2025_ScoresLateReg_away.csv,2025,Scores Late Regression,away,ImpliedOppScored_forward,1005,269,0,FALSE
2025_ScoresLateReg_away.csv,2025,Scores Late Regression,away,ImpliedTeamScored_stepwise,1008,269,0,FALSE
2025_ScoresLateReg_away.csv,2025,Scores Late Regression,away,ImpliedOppScored_stepwise,1009,269,0,FALSE
2025_ScoresLateReg_away.csv,2025,Scores Late Regression,away,Score_avg,1011,269,0,FALSE
2025_ScoresLateReg_away.csv,2025,Scores Late Regression,away,OppScore_avg,1012,269,0,FALSE
2025_ScoresLateReg_away.csv,2025,Scores Late Regression,away,ScoreTotal_avg,1013,269,0,FALSE
2025_ScoresLateReg_away.csv,2025,Scores Late Regression,away,ScoreDiff_avg,1014,269,0,FALSE
2025_ScoresLateReg_home.csv,2025,Scores Late Regression,home,ScoreTotal_stepwise,978,269,0,FALSE
2025_ScoresLateReg_home.csv,2025,Scores Late Regression,home,ScoreTotal2_stepwise,980,269,0,FALSE
2025_ScoresLateReg_home.csv,2025,Scores Late Regression,home,ScoreTotal_forward,982,269,0,FALSE
2025_ScoresLateReg_home.csv,2025,Scores Late Regression,home,ScoreTotal2_forward,984,269,0,FALSE
2025_ScoresLateReg_home.csv,2025,Scores Late Regression,home,Score_forward,986,269,0,FALSE
2025_ScoresLateReg_home.csv,2025,Scores Late Regression,home,Score_stepwise,988,269,0,FALSE
2025_ScoresLateReg_home.csv,2025,Scores Late Regression,home,OppScore_forward,990,269,0,FALSE
2025_ScoresLateReg_home.csv,2025,Scores Late Regression,home,OppScore_stepwise,991,269,0,FALSE
2025_ScoresLateReg_home.csv,2025,Scores Late Regression,home,ScoreDiff_forward,992,269,0,FALSE
2025_ScoresLateReg_home.csv,2025,Scores Late Regression,home,ScoreDiff_stepwise,994,269,0,FALSE
2025_ScoresLateReg_home.csv,2025,Scores Late Regression,home,ImpliedScoreDiff_forward,996,269,0,FALSE
2025_ScoresLateReg_home.csv,2025,Scores Late Regression,home,ImpliedScoreDiff_stepwise,998,269,0,FALSE
2025_ScoresLateReg_home.csv,2025,Scores Late Regression,home,ImpliedTotal_forward,1000,269,0,FALSE
2025_ScoresLateReg_home.csv,2025,Scores Late Regression,home,ImpliedTotal_stepwise,1002,269,0,FALSE
2025_ScoresLateReg_home.csv,2025,Scores Late Regression,home,ImpliedTeamScored_forward,1004,269,0,FALSE
2025_ScoresLateReg_home.csv,2025,Scores Late Regression,home,ImpliedOppScored_forward,1005,269,0,FALSE
2025_ScoresLateReg_home.csv,2025,Scores Late Regression,home,ImpliedTeamScored_stepwise,1008,269,0,FALSE
2025_ScoresLateReg_home.csv,2025,Scores Late Regression,home,ImpliedOppScored_stepwise,1009,269,0,FALSE
2025_ScoresLateReg_home.csv,2025,Scores Late Regression,home,Score_avg,1011,269,0,FALSE
2025_ScoresLateReg_home.csv,2025,Scores Late Regression,home,OppScore_avg,1012,269,0,FALSE
2025_ScoresLateReg_home.csv,2025,Scores Late Regression,home,ScoreTotal_avg,1013,269,0,FALSE
2025_ScoresLateReg_home.csv,2025,Scores Late Regression,home,ScoreDiff_avg,1014,269,0,FALSE
2026_ScoresLateReg_away.csv,2026,Scores Late Regression,away,ScoreTotal_stepwise,978,270,2,FALSE
2026_ScoresLateReg_away.csv,2026,Scores Late Regression,away,ScoreTotal2_stepwise,980,270,2,FALSE
2026_ScoresLateReg_away.csv,2026,Scores Late Regression,away,ScoreTotal_forward,982,270,2,FALSE
2026_ScoresLateReg_away.csv,2026,Scores Late Regression,away,ScoreTotal2_forward,984,270,2,FALSE
2026_ScoresLateReg_away.csv,2026,Scores Late Regression,away,Score_forward,986,270,2,FALSE
2026_ScoresLateReg_away.csv,2026,Scores Late Regression,away,Score_stepwise,988,270,2,FALSE
2026_ScoresLateReg_away.csv,2026,Scores Late Regression,away,OppScore_forward,990,270,2,FALSE
2026_ScoresLateReg_away.csv,2026,Scores Late Regression,away,OppScore_stepwise,991,270,2,FALSE
2026_ScoresLateReg_away.csv,2026,Scores Late Regression,away,ScoreDiff_forward,992,270,2,FALSE
2026_ScoresLateReg_away.csv,2026,Scores Late Regression,away,ScoreDiff_stepwise,994,270,2,FALSE
2026_ScoresLateReg_away.csv,2026,Scores Late Regression,away,ImpliedScoreDiff_forward,996,270,2,FALSE
2026_ScoresLateReg_away.csv,2026,Scores Late Regression,away,ImpliedScoreDiff_stepwise,998,270,2,FALSE
2026_ScoresLateReg_away.csv,2026,Scores Late Regression,away,ImpliedTotal_forward,1000,270,2,FALSE
2026_ScoresLateReg_away.csv,2026,Scores Late Regression,away,ImpliedTotal_stepwise,1002,270,2,FALSE
2026_ScoresLateReg_away.csv,2026,Scores Late Regression,away,ImpliedTeamScored_forward,1004,270,2,FALSE
2026_ScoresLateReg_away.csv,2026,Scores Late Regression,away,ImpliedOppScored_forward,1005,270,2,FALSE
2026_ScoresLateReg_away.csv,2026,Scores Late Regression,away,ImpliedTeamScored_stepwise,1008,270,2,FALSE
2026_ScoresLateReg_away.csv,2026,Scores Late Regression,away,ImpliedOppScored_stepwise,1009,270,2,FALSE
2026_ScoresLateReg_away.csv,2026,Scores Late Regression,away,Score_avg,1011,270,2,FALSE
2026_ScoresLateReg_away.csv,2026,Scores Late Regression,away,OppScore_avg,1012,270,2,FALSE
2026_ScoresLateReg_away.csv,2026,Scores Late Regression,away,ScoreTotal_avg,1013,270,2,FALSE
2026_ScoresLateReg_away.csv,2026,Scores Late Regression,away,ScoreDiff_avg,1014,270,2,FALSE
2026_ScoresLateReg_home.csv,2026,Scores Late Regression,home,ScoreTotal_stepwise,978,270,2,FALSE
2026_ScoresLateReg_home.csv,2026,Scores Late Regression,home,ScoreTotal2_stepwise,980,270,2,FALSE
2026_ScoresLateReg_home.csv,2026,Scores Late Regression,home,ScoreTotal_forward,982,270,2,FALSE
2026_ScoresLateReg_home.csv,2026,Scores Late Regression,home,ScoreTotal2_forward,984,270,2,FALSE
2026_ScoresLateReg_home.csv,2026,Scores Late Regression,home,Score_forward,986,270,2,FALSE
2026_ScoresLateReg_home.csv,2026,Scores Late Regression,home,Score_stepwise,988,270,2,FALSE
2026_ScoresLateReg_home.csv,2026,Scores Late Regression,home,OppScore_forward,990,270,2,FALSE
2026_ScoresLateReg_home.csv,2026,Scores Late Regression,home,OppScore_stepwise,991,270,2,FALSE
2026_ScoresLateReg_home.csv,2026,Scores Late Regression,home,ScoreDiff_forward,992,270,2,FALSE
2026_ScoresLateReg_home.csv,2026,Scores Late Regression,home,ScoreDiff_stepwise,994,270,2,FALSE
2026_ScoresLateReg_home.csv,2026,Scores Late Regression,home,ImpliedScoreDiff_forward,996,270,2,FALSE
2026_ScoresLateReg_home.csv,2026,Scores Late Regression,home,ImpliedScoreDiff_stepwise,998,270,2,FALSE
2026_ScoresLateReg_home.csv,2026,Scores Late Regression,home,ImpliedTotal_forward,1000,270,2,FALSE
2026_ScoresLateReg_home.csv,2026,Scores Late Regression,home,ImpliedTotal_stepwise,1002,270,2,FALSE
2026_ScoresLateReg_home.csv,2026,Scores Late Regression,home,ImpliedTeamScored_forward,1004,270,2,FALSE
2026_ScoresLateReg_home.csv,2026,Scores Late Regression,home,ImpliedOppScored_forward,1005,270,2,FALSE
2026_ScoresLateReg_home.csv,2026,Scores Late Regression,home,ImpliedTeamScored_stepwise,1008,270,2,FALSE
2026_ScoresLateReg_home.csv,2026,Scores Late Regression,home,ImpliedOppScored_stepwise,1009,270,2,FALSE
2026_ScoresLateReg_home.csv,2026,Scores Late Regression,home,Score_avg,1011,270,2,FALSE
2026_ScoresLateReg_home.csv,2026,Scores Late Regression,home,OppScore_avg,1012,270,2,FALSE
2026_ScoresLateReg_home.csv,2026,Scores Late Regression,home,ScoreTotal_avg,1013,270,2,FALSE
2026_ScoresLateReg_home.csv,2026,Scores Late Regression,home,ScoreDiff_avg,1014,270,2,FALSE
2024_ScoresTrees_away.csv,2024,Scores Trees,away,ScoreDiff_xgb,975,275,0,FALSE
2024_ScoresTrees_away.csv,2024,Scores Trees,away,TotalScore_xgb,976,275,0,FALSE
2024_ScoresTrees_away.csv,2024,Scores Trees,away,Score_xgb,978,275,0,FALSE
2024_ScoresTrees_away.csv,2024,Scores Trees,away,OppScore_HA_xgb,982,275,0,FALSE
2024_ScoresTrees_away.csv,2024,Scores Trees,away,OppScore_xgb,983,275,0,FALSE
2024_ScoresTrees_away.csv,2024,Scores Trees,away,ScoreDiff_xgb_score,984,275,0,FALSE
2024_ScoresTrees_away.csv,2024,Scores Trees,away,ScoreDiff_HA_xgb_score,986,275,0,FALSE
2024_ScoresTrees_away.csv,2024,Scores Trees,away,ImpliedScoreDiff_xgb,988,275,0,FALSE
2024_ScoresTrees_away.csv,2024,Scores Trees,away,ImpliedTotal_xgb,990,275,0,FALSE
2024_ScoresTrees_away.csv,2024,Scores Trees,away,ImpliedTotal_HA_xgb,992,275,0,FALSE
2024_ScoresTrees_away.csv,2024,Scores Trees,away,ImpliedTeamScored_xgb,994,275,0,FALSE
2024_ScoresTrees_away.csv,2024,Scores Trees,away,ImpliedOppScored_xgb,995,275,0,FALSE
2024_ScoresTrees_away.csv,2024,Scores Trees,away,Score_avg,998,275,0,FALSE
2024_ScoresTrees_away.csv,2024,Scores Trees,away,OppScore_avg,999,275,0,FALSE
2024_ScoresTrees_away.csv,2024,Scores Trees,away,ScoreTotal_avg,1000,275,0,FALSE
2024_ScoresTrees_away.csv,2024,Scores Trees,away,ScoreDiff_avg,1001,275,0,FALSE
2024_ScoresTrees_home.csv,2024,Scores Trees,home,ScoreDiff_xgb,975,275,0,FALSE
2024_ScoresTrees_home.csv,2024,Scores Trees,home,TotalScore_xgb,976,275,0,FALSE
2024_ScoresTrees_home.csv,2024,Scores Trees,home,Score_xgb,978,275,0,FALSE
2024_ScoresTrees_home.csv,2024,Scores Trees,home,OppScore_HA_xgb,982,275,0,FALSE
2024_ScoresTrees_home.csv,2024,Scores Trees,home,OppScore_xgb,983,275,0,FALSE
2024_ScoresTrees_home.csv,2024,Scores Trees,home,ScoreDiff_xgb_score,984,275,0,FALSE
2024_ScoresTrees_home.csv,2024,Scores Trees,home,ScoreDiff_HA_xgb_score,986,275,0,FALSE
2024_ScoresTrees_home.csv,2024,Scores Trees,home,ImpliedScoreDiff_xgb,988,275,0,FALSE
2024_ScoresTrees_home.csv,2024,Scores Trees,home,ImpliedTotal_xgb,990,275,0,FALSE
2024_ScoresTrees_home.csv,2024,Scores Trees,home,ImpliedTotal_HA_xgb,992,275,0,FALSE
2024_ScoresTrees_home.csv,2024,Scores Trees,home,ImpliedTeamScored_xgb,994,275,0,FALSE
2024_ScoresTrees_home.csv,2024,Scores Trees,home,ImpliedOppScored_xgb,995,275,0,FALSE
2024_ScoresTrees_home.csv,2024,Scores Trees,home,Score_avg,998,275,0,FALSE
2024_ScoresTrees_home.csv,2024,Scores Trees,home,OppScore_avg,999,275,0,FALSE
2024_ScoresTrees_home.csv,2024,Scores Trees,home,ScoreTotal_avg,1000,275,0,FALSE
2024_ScoresTrees_home.csv,2024,Scores Trees,home,ScoreDiff_avg,1001,275,0,FALSE
2025_ScoresTrees_away.csv,2025,Scores Trees,away,ScoreDiff_xgb,975,269,0,FALSE
2025_ScoresTrees_away.csv,2025,Scores Trees,away,TotalScore_xgb,976,269,0,FALSE
2025_ScoresTrees_away.csv,2025,Scores Trees,away,Score_xgb,978,269,0,FALSE
2025_ScoresTrees_away.csv,2025,Scores Trees,away,OppScore_HA_xgb,982,269,0,FALSE
2025_ScoresTrees_away.csv,2025,Scores Trees,away,OppScore_xgb,983,269,0,FALSE
2025_ScoresTrees_away.csv,2025,Scores Trees,away,ScoreDiff_xgb_score,984,269,0,FALSE
2025_ScoresTrees_away.csv,2025,Scores Trees,away,ScoreDiff_HA_xgb_score,986,269,0,FALSE
2025_ScoresTrees_away.csv,2025,Scores Trees,away,ImpliedScoreDiff_xgb,988,269,0,FALSE
2025_ScoresTrees_away.csv,2025,Scores Trees,away,ImpliedTotal_xgb,990,269,0,FALSE
2025_ScoresTrees_away.csv,2025,Scores Trees,away,ImpliedTotal_HA_xgb,992,269,0,FALSE
2025_ScoresTrees_away.csv,2025,Scores Trees,away,ImpliedTeamScored_xgb,994,269,0,FALSE
2025_ScoresTrees_away.csv,2025,Scores Trees,away,ImpliedOppScored_xgb,995,269,0,FALSE
2025_ScoresTrees_away.csv,2025,Scores Trees,away,Score_avg,998,269,0,FALSE
2025_ScoresTrees_away.csv,2025,Scores Trees,away,OppScore_avg,999,269,0,FALSE
2025_ScoresTrees_away.csv,2025,Scores Trees,away,ScoreTotal_avg,1000,269,0,FALSE
2025_ScoresTrees_away.csv,2025,Scores Trees,away,ScoreDiff_avg,1001,269,0,FALSE
2025_ScoresTrees_home.csv,2025,Scores Trees,home,ScoreDiff_xgb,975,269,0,FALSE
2025_ScoresTrees_home.csv,2025,Scores Trees,home,TotalScore_xgb,976,269,0,FALSE
2025_ScoresTrees_home.csv,2025,Scores Trees,home,Score_xgb,978,269,0,FALSE
2025_ScoresTrees_home.csv,2025,Scores Trees,home,OppScore_HA_xgb,982,269,0,FALSE
2025_ScoresTrees_home.csv,2025,Scores Trees,home,OppScore_xgb,983,269,0,FALSE
2025_ScoresTrees_home.csv,2025,Scores Trees,home,ScoreDiff_xgb_score,984,269,0,FALSE
2025_ScoresTrees_home.csv,2025,Scores Trees,home,ScoreDiff_HA_xgb_score,986,269,0,FALSE
2025_ScoresTrees_home.csv,2025,Scores Trees,home,ImpliedScoreDiff_xgb,988,269,0,FALSE
2025_ScoresTrees_home.csv,2025,Scores Trees,home,ImpliedTotal_xgb,990,269,0,FALSE
2025_ScoresTrees_home.csv,2025,Scores Trees,home,ImpliedTotal_HA_xgb,992,269,0,FALSE
2025_ScoresTrees_home.csv,2025,Scores Trees,home,ImpliedTeamScored_xgb,994,269,0,FALSE
2025_ScoresTrees_home.csv,2025,Scores Trees,home,ImpliedOppScored_xgb,995,269,0,FALSE
2025_ScoresTrees_home.csv,2025,Scores Trees,home,Score_avg,998,269,0,FALSE
2025_ScoresTrees_home.csv,2025,Scores Trees,home,OppScore_avg,999,269,0,FALSE
2025_ScoresTrees_home.csv,2025,Scores Trees,home,ScoreTotal_avg,1000,269,0,FALSE
2025_ScoresTrees_home.csv,2025,Scores Trees,home,ScoreDiff_avg,1001,269,0,FALSE
2026_ScoresTrees_away.csv,2026,Scores Trees,away,ScoreDiff_xgb,975,272,0,FALSE
2026_ScoresTrees_away.csv,2026,Scores Trees,away,TotalScore_xgb,976,272,0,FALSE
2026_ScoresTrees_away.csv,2026,Scores Trees,away,Score_xgb,978,272,0,FALSE
2026_ScoresTrees_away.csv,2026,Scores Trees,away,OppScore_HA_xgb,982,272,0,FALSE
2026_ScoresTrees_away.csv,2026,Scores Trees,away,OppScore_xgb,983,272,0,FALSE
2026_ScoresTrees_away.csv,2026,Scores Trees,away,ScoreDiff_xgb_score,984,272,0,FALSE
2026_ScoresTrees_away.csv,2026,Scores Trees,away,ScoreDiff_HA_xgb_score,986,272,0,FALSE
2026_ScoresTrees_away.csv,2026,Scores Trees,away,ImpliedScoreDiff_xgb,988,272,0,FALSE
2026_ScoresTrees_away.csv,2026,Scores Trees,away,ImpliedTotal_xgb,990,272,0,FALSE
2026_ScoresTrees_away.csv,2026,Scores Trees,away,ImpliedTotal_HA_xgb,992,272,0,FALSE
2026_ScoresTrees_away.csv,2026,Scores Trees,away,ImpliedTeamScored_xgb,994,272,0,FALSE
2026_ScoresTrees_away.csv,2026,Scores Trees,away,ImpliedOppScored_xgb,995,272,0,FALSE
2026_ScoresTrees_away.csv,2026,Scores Trees,away,Score_avg,998,272,0,FALSE
2026_ScoresTrees_away.csv,2026,Scores Trees,away,OppScore_avg,999,272,0,FALSE
2026_ScoresTrees_away.csv,2026,Scores Trees,away,ScoreTotal_avg,1000,272,0,FALSE
2026_ScoresTrees_away.csv,2026,Scores Trees,away,ScoreDiff_avg,1001,272,0,FALSE
2026_ScoresTrees_home.csv,2026,Scores Trees,home,ScoreDiff_xgb,975,272,0,FALSE
2026_ScoresTrees_home.csv,2026,Scores Trees,home,TotalScore_xgb,976,272,0,FALSE
2026_ScoresTrees_home.csv,2026,Scores Trees,home,Score_xgb,978,272,0,FALSE
2026_ScoresTrees_home.csv,2026,Scores Trees,home,OppScore_HA_xgb,982,272,0,FALSE
2026_ScoresTrees_home.csv,2026,Scores Trees,home,OppScore_xgb,983,272,0,FALSE
2026_ScoresTrees_home.csv,2026,Scores Trees,home,ScoreDiff_xgb_score,984,272,0,FALSE
2026_ScoresTrees_home.csv,2026,Scores Trees,home,ScoreDiff_HA_xgb_score,986,272,0,FALSE
2026_ScoresTrees_home.csv,2026,Scores Trees,home,ImpliedScoreDiff_xgb,988,272,0,FALSE
2026_ScoresTrees_home.csv,2026,Scores Trees,home,ImpliedTotal_xgb,990,272,0,FALSE
2026_ScoresTrees_home.csv,2026,Scores Trees,home,ImpliedTotal_HA_xgb,992,272,0,FALSE
2026_ScoresTrees_home.csv,2026,Scores Trees,home,ImpliedTeamScored_xgb,994,272,0,FALSE
2026_ScoresTrees_home.csv,2026,Scores Trees,home,ImpliedOppScored_xgb,995,272,0,FALSE
2026_ScoresTrees_home.csv,2026,Scores Trees,home,Score_avg,998,272,0,FALSE
2026_ScoresTrees_home.csv,2026,Scores Trees,home,OppScore_avg,999,272,0,FALSE
2026_ScoresTrees_home.csv,2026,Scores Trees,home,ScoreTotal_avg,1000,272,0,FALSE
2026_ScoresTrees_home.csv,2026,Scores Trees,home,ScoreDiff_avg,1001,272,0,FALSE
